pos	aa	Input	H1R1	H1R2	H1R3	H3R1	H3R2	H3R3	H5R1	H5R2	H5R3
5	_	0.0271435985738	0.024095021953	0.0461302772995	0.0255840615913	0.0225830564686	0.0175310547456	0.0414663954301	0.0283164010138	0.0163660465714	0.0174250662349
5	Y	0.026643333452	0.0257380802099	0.0174573956416	0.013675810701	0.0238356008842	0.0157737652484	0.0168208315926	0.0258335281042	0.0223146252341	0.0211555208924
5	T	0.0340925059535	0.0321844720706	0.0250958969182	0.0171562635243	0.0324472872774	0.0274541617078	0.0208737617674	0.0340554051998	0.0361189062511	0.0355210622772
5	W	0.0524941120481	0.05162099648	0.0280173386378	0.016290705885	0.0520231726631	0.0277191498066	0.0242941537068	0.0567988122984	0.0529081269551	0.0546404385956
5	V	0.0945444870596	0.090014424247	0.0650982720741	0.0326816342336	0.0863510507062	0.061832880839	0.0597865769139	0.0925667445022	0.0840668075512	0.0857303916694
5	Q	0.0184507894633	0.0161432848106	0.0142366842824	0.00676046071963	0.0209543938998	0.0184864065754	0.0113388335526	0.019538243888	0.0231780140684	0.024682148773
5	P	0.0306356177525	0.0281124418529	0.0148067216911	0.00970335669326	0.0250242761795	0.0163386083011	0.0160477293049	0.0315157393027	0.0337914485217	0.0342768696595
5	S	0.0805117693459	0.0768984505312	0.0524006887952	0.0312238529463	0.0815786081026	0.0854795819696	0.0728356064363	0.0828609685826	0.0844956618735	0.0791102678093
5	R	0.101711206501	0.0992768090162	0.0668796389763	0.0436332161541	0.0980408738715	0.0583113284737	0.0495488284377	0.0999847823918	0.099896076196	0.0997243738254
5	M	0.0281694231212	0.0270368560286	0.0200653167864	0.0110426932509	0.0280793491027	0.0238419555192	0.0198898134012	0.0296153585713	0.03042309603	0.0347567118636
5	L	0.0900421009636	0.0832000063316	0.0637729350989	0.040416986189	0.080563798746	0.0451246838738	0.0555228006607	0.0880072869771	0.0871071290877	0.0840806686934
5	N	0.017718659889	0.0165255570351	0.0080090255923	0.00369000888335	0.0154385857011	0.0105995239512	0.0115965343152	0.016515109483	0.0172379556903	0.0226863449152
5	I	0.0267585630587	0.0245508993884	0.0175286503177	0.00566712475419	0.0204948910618	0.0116455296043	0.0189995744033	0.0263126279207	0.0262268558896	0.0286907420533
5	H	0.0170497660745	0.0174942965855	0.00910634760406	0.00790846348334	0.0149684380097	0.00946983784588	0.00744989477219	0.0154025494226	0.0153847938008	0.0157095241954
5	K	0.0188077201963	0.0172901014842	0.0114007481741	0.00552134662546	0.014113301454	0.00788688262422	0.0141032599146	0.0192135044987	0.0210337424569	0.0198327700377
5	E	0.0308506193357	0.0300641671234	0.0209488747699	0.00918402210969	0.0432234271933	0.0807586097888	0.0533440578499	0.0320836691765	0.0379308867652	0.0369117553909
5	D	0.0253898601693	0.0214238651046	0.0165310848524	0.00568534702028	0.0231028801425	0.0213454886938	0.0172425237495	0.0246627188259	0.03018594811	0.0296907671778
5	G	0.132086855019	0.181819117173	0.398698414583	0.652512015307	0.173333696047	0.315726346326	0.376079121943	0.131791767784	0.139759647506	0.134183838306
5	F	0.0399776473299	0.0347772749847	0.0243976010926	0.0102955803412	0.0325342202467	0.0215058762273	0.017968771353	0.0385711758114	0.0340101358252	0.034436109329
5	A	0.0603662615206	0.0608738838027	0.047868891396	0.0336200809372	0.0799534938183	0.110102555043	0.078692441949	0.0591753803856	0.060883113293	0.0613773382134
5	C	0.0466019444762	0.0408960049387	0.0316228252479	0.0178487096358	0.0313952209339	0.0131238842606	0.0162820027254	0.047221184658	0.0467167201827	0.0454109073512
2	T	0.0535930090291	0.055232400539	0.0606234784158	0.0667846052222	0.0564053039756	0.0530603800952	0.0288156307226	0.0530781435101	0.051246671468	0.0530013315975
2	V	0.0850071292464	0.0911469947507	0.10870613384	0.111365379213	0.0918668589048	0.106964538084	0.133161012217	0.0835395719702	0.086894121974	0.0927836474306
2	W	0.0237935085448	0.0238124729174	0.0176996615403	0.0123182518773	0.0223896749653	0.0168337176436	0.0177110705905	0.0234467664039	0.0202271555196	0.0200748143354
2	P	0.0448538270282	0.0508137135214	0.0949112285493	0.319326990972	0.0667041996312	0.137793811366	0.191096829109	0.0481022040776	0.053305740234	0.0562137265303
2	Q	0.0199276957639	0.0197261965299	0.0227729944778	0.0276249553934	0.0212347083724	0.0204528972032	0.0127679014177	0.0202197597365	0.0226028948613	0.0228816789098
2	R	0.0777265854376	0.0751271767455	0.0697440769551	0.0355698634089	0.0677935229615	0.0457871541208	0.0358672606799	0.0754618616887	0.0705167150232	0.073180182517
2	S	0.0961071129456	0.0945850704097	0.0944837004928	0.064935045214	0.0972176718759	0.088666412526	0.0711488378086	0.094216653597	0.0928966624389	0.0874416873177
2	_	0.0225330090666	0.0186909748535	0.0429380678107	0.0280258452474	0.0186799435586	0.0161851941386	0.0516338618802	0.0237554872583	0.0155367388753	0.0166140055182
2	Y	0.0402418322819	0.0422755090532	0.0396888545811	0.0225682765533	0.0352415612925	0.030578231925	0.0318143305051	0.0384503086844	0.0359144194219	0.0392281617833
2	D	0.043050905255	0.0410360922756	0.0310812897096	0.0171562635243	0.0476374930661	0.0483184878013	0.0356329872594	0.0424039743441	0.0489348342603	0.0471604205201
2	E	0.0259322824643	0.0256502288291	0.0250103913069	0.0212562733947	0.0387224283513	0.0613307981256	0.0596225855196	0.0259718699965	0.0306801246139	0.0264274155508
2	F	0.043195644883	0.0435505412555	0.0406721691111	0.0186322670777	0.0362883052092	0.0253412302886	0.0203583602422	0.0432136384719	0.0420774252457	0.0416252496082
2	G	0.081717464499	0.0782732059224	0.05304198088	0.0308685187575	0.0745813911404	0.0562751041357	0.0513761611176	0.0820134424632	0.0841619507286	0.0824033441746
2	A	0.0640634456088	0.0615505768709	0.0750026720504	0.100769131481	0.0776861400461	0.0982617710503	0.0751314859573	0.0642925741713	0.0675331953836	0.0674114600898
2	C	0.0425899868282	0.0411833026975	0.0229582566356	0.0103866916717	0.0364036244543	0.0231655385302	0.029916715799	0.0451722684211	0.0465775555351	0.0443323239897
2	L	0.075996736098	0.0780025286951	0.0690885339351	0.0430865481713	0.0657408403994	0.0491483189527	0.0384208409635	0.0776316450526	0.0770815942683	0.0764350413616
2	M	0.0239579215202	0.0255291363853	0.0234000356273	0.00791757461638	0.0222548401557	0.0200693617971	0.0149466442285	0.0253238474482	0.0233853409924	0.0226226490474
2	N	0.0384445314652	0.0363562254773	0.0236565524613	0.0110153598518	0.0349843106689	0.0284513537638	0.0290967588272	0.0391070686154	0.0366315433714	0.0364319131868
2	H	0.0337383856988	0.0328944062018	0.0287726382044	0.013274920847	0.0285796572121	0.0199229210057	0.017945344011	0.033258847146	0.0327249929057	0.0343384423317
2	I	0.0413322978282	0.0432917358364	0.038506026958	0.0276431776595	0.0388785528677	0.0376562035109	0.042801753927	0.0392541478904	0.0386664713313	0.0374892645923
2	K	0.0222435298107	0.0213075213841	0.0173148862894	0.00957580083064	0.0207485934009	0.0157946853615	0.0109171413957	0.0221288778507	0.0224395894075	0.0219368568708
3	Y	0.0323261203971	0.0320728770734	0.0231007659878	0.0150880363231	0.0252513663852	0.0164292621244	0.0201006594797	0.032484132549	0.0304614373105	0.028728959574
3	_	0.0277380147157	0.0236343957942	0.0500920372899	0.0326725231005	0.022960948764	0.0170289720321	0.0444650952126	0.0280499108423	0.0158860705418	0.0168900209453
3	S	0.0826505432655	0.0941719314838	0.164213526513	0.239231020371	0.0976824971407	0.119732780422	0.110998746637	0.0799397703088	0.0839887049428	0.0817090592156
3	R	0.0874086828788	0.0881505503572	0.0643999762484	0.0313969644742	0.0683151207777	0.0322378942279	0.0420755063234	0.0842312814318	0.0841591106338	0.0854798545894
3	Q	0.0186573596119	0.0207424233131	0.0198515527581	0.00871024319132	0.0190241271516	0.0151531352276	0.0124867733131	0.0181504562734	0.0175162849855	0.0162658014409
3	P	0.0316178798876	0.0309925425258	0.0245971141856	0.0149695915935	0.0287304593018	0.0245392926212	0.0419115149291	0.0330913806448	0.0357482738732	0.03810711451
3	W	0.0417482486036	0.039257695405	0.0232717772104	0.0136940329671	0.0354278462268	0.0224682014281	0.0257232215719	0.043772830963	0.0370192163184	0.0362599343437
3	V	0.0983526850372	0.0906721224221	0.0583575797162	0.0305769625001	0.0748244486262	0.0442739326093	0.0639332164569	0.0989974581498	0.0964979027083	0.0936605272107
3	T	0.0369086051222	0.0390107617941	0.0514458761356	0.0448632191152	0.0375958480341	0.0335070477537	0.0236147607873	0.0374891965904	0.0358221163393	0.039814163767
3	K	0.0205951843393	0.0197072016367	0.0166023395285	0.0139035890271	0.0149294068806	0.00678509000298	0.011034278106	0.0199867628652	0.0208718570505	0.0212956518016
3	I	0.031966379186	0.0283831190802	0.0171011222611	0.00858268732869	0.0227480516961	0.0116036893782	0.0162351480413	0.0310322707948	0.0278698507601	0.0307714737348
3	H	0.0201848545203	0.017237865528	0.0161035567959	0.00509312337234	0.0185504311757	0.0119802514133	0.0106125859491	0.0196037742581	0.0243481331465	0.0255887532914
3	N	0.0227466054107	0.0238742063202	0.0258511964848	0.0238165017805	0.0229786901863	0.0218196779232	0.013798704468	0.0222657635125	0.026936879602	0.0243233287177
3	M	0.0286233153525	0.0300451722303	0.0233002790808	0.0131109204522	0.0254589410263	0.0155436440048	0.0181561900894	0.0273509202284	0.0291010318775	0.0326207770967
3	L	0.0870194316464	0.087067841448	0.0723519980999	0.0377565353398	0.0755660400791	0.0560659030051	0.0522898274576	0.0915386458076	0.0904271999671	0.094588363685
3	C	0.0443071890159	0.0406633174977	0.0272192862657	0.0143864790786	0.031755371807	0.0127264021125	0.0174533698279	0.0468323711291	0.0468118633602	0.0465340778201
3	A	0.0617911739742	0.0635711586291	0.0797909862835	0.0666570493596	0.0697060482874	0.0742315345135	0.0579358168919	0.0618169824138	0.0617862634552	0.0595004333088
3	G	0.117122463778	0.126368275363	0.16895908794	0.33604592011	0.177575670123	0.28398356144	0.211033497195	0.113912170373	0.123004507941	0.120092189153
3	F	0.0452501044561	0.0416154365165	0.0314375630901	0.0184318221507	0.0357933195266	0.0226216155906	0.03221259532	0.0454940953496	0.0430473176369	0.0416082640434
3	E	0.0319200062955	0.0305556599835	0.0206496051303	0.0226320544846	0.0497292067574	0.0784225304969	0.0947167439118	0.0320341573413	0.0327846348975	0.0329838435431
3	D	0.0311119938094	0.03224145675	0.0213764028264	0.0084824648652	0.0454357825564	0.0789036930973	0.0793952622106	0.0319686269713	0.0359470805127	0.0332110254716
1	Q	0.0228084359314	0.019878155675	0.0133388753637	0.0135664771045	0.0160382457755	0.00813792398096	0.0127444740757	0.0238617920809	0.0244404362291	0.0277586591878
1	P	0.0354907188641	0.0354112295434	0.0226162341904	0.0171471523913	0.0246765443021	0.011882624219	0.0173128057756	0.0354752298842	0.0406147763981	0.0414617635475
1	S	0.0898552041625	0.0843254537504	0.0545525800131	0.0350231954262	0.0717516342807	0.0372935882178	0.0421223610075	0.0868874457645	0.0873243963438	0.0875223687502
1	R	0.0964176707881	0.0882217812065	0.0650412683332	0.0356245302072	0.0598347209097	0.0271264132699	0.0499470932525	0.0949229253631	0.0895041691409	0.0907114085315
1	T	0.0434317250528	0.0392980595529	0.0259082002256	0.0162542613529	0.0463068863922	0.0475793104731	0.0229353678678	0.0420064234325	0.0420831054354	0.0411432842085
1	W	0.0423398542673	0.0414444824782	0.033788967401	0.028745624758	0.0291651241486	0.0141350230586	0.0260512043606	0.04454754556	0.0386792517581	0.0363151374291
1	V	0.0822683182286	0.115113801175	0.27373196366	0.431084148906	0.207372388906	0.385773858227	0.318518142524	0.0835657841182	0.08201057888	0.0785518673682
1	Y	0.0335332207893	0.030439316263	0.0206211032599	0.00709757264231	0.0477421674577	0.066923441684	0.0760685796393	0.0316322377384	0.0356900519288	0.0347269871253
1	_	0.0304585576251	0.0254270388347	0.0510040971439	0.0320985217187	0.0242028483262	0.0180331374591	0.0477449230998	0.0313540977233	0.0197045780672	0.0182148949956
1	A	0.0592814169307	0.0653685503929	0.0847218098688	0.0547214650702	0.0690975175019	0.060138351681	0.0429423179793	0.0580846637819	0.0596249512746	0.0600206162292
1	C	0.0467818150818	0.0472735403117	0.0324921322962	0.02151138512	0.0438976012414	0.034999349152	0.0453787615526	0.0489307992011	0.0496136169294	0.0468143396384
1	E	0.0331622376653	0.0313558198572	0.0187827326168	0.00961224536281	0.0218787220026	0.0100904678667	0.0149700715705	0.0321885177686	0.0339859950189	0.0309561917515
1	D	0.0341149897792	0.0331033500264	0.0228585000891	0.0117806950276	0.0232785202234	0.00904446221363	0.0123930639449	0.0353893122879	0.0353875818273	0.039041320571
1	G	0.109406295846	0.10942720504	0.0661955940859	0.0447903300508	0.0731727222084	0.0335209944957	0.066721070161	0.112866596913	0.120566286512	0.119775833009
1	F	0.0346194706183	0.032547749402	0.0270055222374	0.0134389212418	0.0253897494793	0.014957880839	0.0195149759284	0.033954925299	0.0330061622958	0.0368990162173
1	I	0.0277450409112	0.0291096737429	0.0415129742889	0.0703379471099	0.0493371213241	0.0758075163642	0.0456364623152	0.028084860373	0.0264952448529	0.0280028266811
1	H	0.0242965841448	0.0210297210719	0.0148067216911	0.00771712968938	0.014695220106	0.00599709907766	0.0120416538142	0.0251258001076	0.0240399828553	0.0230281794058
1	K	0.024802470223	0.0237578625996	0.017158126002	0.00723423963798	0.0154243925633	0.00645036819399	0.0164694214618	0.0223662434133	0.0250780375229	0.0247139967069
1	M	0.0270761470967	0.0237721087695	0.0148352235615	0.00748935136325	0.0239367269914	0.0147347329664	0.0114559702629	0.0260097319881	0.0243381928145	0.025669434724
1	L	0.0752013707639	0.0802866645957	0.0863606674188	0.126590082532	0.0964973701298	0.111064880244	0.090195266896	0.0775471836867	0.0795595770247	0.0780826411421
1	N	0.0269552965335	0.0234444468628	0.0127403360846	0.00823646427297	0.0163433982393	0.00636668774174	0.0090195266896	0.0252408423128	0.0282887647505	0.0306228500433
6	C	0.201519719252	0.18778351362	0.111228549374	0.0510314561868	0.131112659214	0.0585344763463	0.0814334409689	0.205038702965	0.20039993269	0.209030729364
6	F	0.154825028995	0.142946068354	0.0982316964551	0.0594136985886	0.0943063044736	0.0390020641178	0.0580763809442	0.153016326528	0.152899346329	0.147154440186
6	L	0.163003520592	0.15353334692	0.0842657799418	0.0361529759238	0.104509396449	0.0435417286522	0.0714065385712	0.164615202026	0.181550223172	0.181911152049
6	W	0.277130014596	0.335347715369	0.472375749659	0.679335190992	0.525163842035	0.770996820143	0.590041036894	0.279299174536	0.303411592936	0.303888738889
6	Y	0.0954564872396	0.0922392011065	0.0539112879283	0.0248642820807	0.059921653879	0.0224821481702	0.0306898180867	0.0934696073784	0.0966100864548	0.0999154614288
6	_	0.107831022808	0.0879700988724	0.179618787483	0.1486936913	0.0847880314	0.0651522054448	0.167435213638	0.104346192576	0.0649501291178	0.0579313917653
4	_	0.0268105569056	0.0215734498881	0.0426673000416	0.027952956183	0.0212577722214	0.0168546377566	0.0445353772388	0.0255175260975	0.0156631230961	0.0128623189047
4	Y	0.0311429090698	0.0300119311673	0.0297131999287	0.0177575983053	0.0198668447117	0.00829133814341	0.0192338478238	0.0290299539321	0.0280175356923	0.0274699045871
4	V	0.0980547743467	0.0915933747396	0.0634594145241	0.0350231954262	0.103420073118	0.0894544034514	0.0897032927129	0.0990600760589	0.0910818418299	0.0913419976227
4	W	0.0443985295578	0.0405398506922	0.0217754290125	0.0138033665637	0.0269137376564	0.0138560882178	0.0248095552319	0.0466488860929	0.0460336773714	0.0471710364981
4	T	0.0352349653468	0.0335259863989	0.0214476575025	0.0130926981861	0.0301621920828	0.017307906873	0.0144780973875	0.0351606841079	0.0357440137309	0.0360688467403
4	R	0.090338606415	0.082392723373	0.0557211567009	0.0377383130737	0.0584970176669	0.0259688336805	0.0318846125313	0.0874626567905	0.08909661553	0.0850000123853
4	S	0.0841162076531	0.126503613976	0.316057241256	0.537174182086	0.11901833162	0.155429466677	0.153425663091	0.0825143857365	0.0870730479496	0.0840785454978
4	P	0.0333941021178	0.0304963009424	0.0186259723294	0.00768979629025	0.0229733677596	0.00969298571854	0.0140798325726	0.0338995885421	0.0381850752542	0.040926718258
4	Q	0.0177594118231	0.0165540493748	0.0140656730598	0.00871935432438	0.0158590574101	0.00975574605772	0.0135878583895	0.0172679806234	0.0179962610151	0.0162785406144
4	N	0.0193712210778	0.018940282826	0.0118425271658	0.00628668180128	0.0127383412243	0.00622024695031	0.00859783453268	0.0214269747759	0.0206190886088	0.017894292461
4	L	0.0860104699682	0.0839241866327	0.0581865684936	0.0405263197856	0.0581776720652	0.0260106739066	0.0384911229897	0.0905731650222	0.0915504574801	0.0989090667175
4	M	0.0248390064397	0.0227867486877	0.0154052609703	0.0102773580751	0.0198632964272	0.0123428667063	0.0189527197192	0.0248695035492	0.0250837177126	0.0256906666799
4	K	0.0173968601337	0.0167653675611	0.0114862537854	0.0105598031995	0.0112427393229	0.00375864698006	0.00831670642807	0.0165777273922	0.01917916052	0.019805168495
4	H	0.0197857666141	0.0169315728761	0.0110444747937	0.00736179550062	0.0129920435635	0.00914906277893	0.0296824423785	0.0213279511056	0.0210280622672	0.0226863449152
4	I	0.0282804370106	0.0256264852127	0.0190820022564	0.0227504992142	0.0197302357598	0.01052281687	0.0138455591521	0.0290474286975	0.0283611871691	0.0264061835948
4	F	0.0440865664762	0.0412426617385	0.0327486491301	0.0149513693274	0.0296672064002	0.0154529901815	0.0239661709181	0.0450470326028	0.0462012429675	0.0458228072963
4	G	0.123915389617	0.117877558127	0.0786794133365	0.0462572224711	0.18154797458	0.242359509819	0.175939338802	0.11945895214	0.12699200111	0.119667550034
4	D	0.030391106148	0.0301187774412	0.0223597173565	0.00951202289932	0.0261242443633	0.0156691646831	0.0191401384556	0.0300988270792	0.028825542677	0.0331664383642
4	E	0.0300988164139	0.0284590986527	0.020036814916	0.0114709165041	0.0487410095342	0.0626975788456	0.029003049459	0.0286717212425	0.0327235728583	0.0383109412869
4	C	0.0480366936035	0.045908282367	0.0294851849653	0.0147509244004	0.0370086069554	0.0264360495388	0.0276442636201	0.049816187312	0.0453492145126	0.0474491751208
4	A	0.0665844445652	0.0782637084759	0.106183718307	0.106445367368	0.124237858066	0.22282709759	0.200866030744	0.0665657498968	0.0652312985079	0.0630270611894
